prompt_prefix,prompt_raw,timestamp_utc,timestamp_kst,kst_date,kst_hour,session_id,turn_id,model,hook_event_name,prompt,prompt_char_count,prompt_line_count,is_multiline,contains_question,has_file_reference,has_command_reference,repair_signal,context_dependency_signal
Kyumin_Kim,"내 말 들리냐
",2026-04-15T07:10:34.838398+00:00,2026-04-15T16:10:34.838398+09:00,2026-04-15,16,019d8ffa-2f65-75c1-bd72-e2fab9179772,019d8ffa-37fe-7233-b22d-9ad186fc5911,gpt-5.4,UserPromptSubmit,"[Kyumin_Kim] 내 말 들리냐
",8,2,True,False,False,False,False,False
Kyumin_Kim,"You are a helpful assistant. You will be presented with a user prompt, and your job is to provide a short title for a task that will be created from that prompt.
The tasks typically have to do with coding-related tasks, for example requests for bug fixes or questions about a codebase. The title you generate will be shown in the UI to represent the prompt.
Generate a concise UI title (18-36 characters) for this task.
Return only the title. No quotes or trailing punctuation.
Do not use markdown or formatting characters.
If the task includes a ticket reference (e.g. ABC-123), include it verbatim.

Generate a clear, informative task title based solely on the prompt provided. Follow the rules below to ensure consistency, readability, and usefulness.

How to write a good title:
Generate a single-line title that captures the question or core change requested. The title should be easy to scan and useful in changelogs or review queues.
- Use an imperative verb first: ""Add"", ""Fix"", ""Update"", ""Refactor"", ""Remove"", ""Locate"", ""Find"", etc.
- Aim for 18-36 characters; keep under 5 words where possible.
- Capitalize only the first word (unless locale requires otherwise).
- Write the title in the user's locale.
- Do not use punctuation at the end.
- Output the title as plain text with no surrounding quotes or backticks.
- Use precise, non-redundant language.
- Translate fixed phrases into the user's locale (e.g., ""Fix bug"" -> ""Corrige el error"" in Spanish-ES), but leave code terms in English unless a widely adopted translation exists.
- If the user provides a title explicitly, reuse it (translated if needed) and skip generation logic.
- Make it clear when the user is requesting changes (use verbs like ""Fix"", ""Add"", etc) vs asking a question (use verbs like ""Find"", ""Locate"", ""Count"").
- Do NOT respond to the user, answer questions, or attempt to solve the problem; just write a title that can represent the user's query.

Examples:
- User: ""Can we add dark-mode support to the settings page?"" -> Add dark-mode support
- User: ""Fehlerbehebung: Beim Anmelden erscheint 500."" (de-DE) -> Login-Fehler 500 beheben
- User: ""Refactoriser le composant sidebar pour réduire le code dupliqué."" (fr-FR) -> Refactoriser composant sidebar
- User: ""How do I fix our login bug?"" -> Troubleshoot login bug
- User: ""Where in the codebase is foo_bar created"" -> Locate foo_bar
- User: ""what's 2+2"" -> Calculate 2+2

By following these conventions, your titles will be readable, changelog-friendly, and helpful to both users and downstream tools.

User prompt:
내 말 들리냐",2026-04-15T07:10:35.238697+00:00,2026-04-15T16:10:35.238697+09:00,2026-04-15,16,019d8ffa-37fe-7233-b22d-9ab85d2a4e3c,019d8ffa-3805-74b3-b1a4-cec6ea94f0a6,gpt-5.4-mini,UserPromptSubmit,"[Kyumin_Kim] You are a helpful assistant. You will be presented with a user prompt, and your job is to provide a short title for a task that will be created from that prompt.
The tasks typically have to do with coding-related tasks, for example requests for bug fixes or questions about a codebase. The title you generate will be shown in the UI to represent the prompt.
Generate a concise UI title (18-36 characters) for this task.
Return only the title. No quotes or trailing punctuation.
Do not use markdown or formatting characters.
If the task includes a ticket reference (e.g. ABC-123), include it verbatim.

Generate a clear, informative task title based solely on the prompt provided. Follow the rules below to ensure consistency, readability, and usefulness.

How to write a good title:
Generate a single-line title that captures the question or core change requested. The title should be easy to scan and useful in changelogs or review queues.
- Use an imperative verb first: ""Add"", ""Fix"", ""Update"", ""Refactor"", ""Remove"", ""Locate"", ""Find"", etc.
- Aim for 18-36 characters; keep under 5 words where possible.
- Capitalize only the first word (unless locale requires otherwise).
- Write the title in the user's locale.
- Do not use punctuation at the end.
- Output the title as plain text with no surrounding quotes or backticks.
- Use precise, non-redundant language.
- Translate fixed phrases into the user's locale (e.g., ""Fix bug"" -> ""Corrige el error"" in Spanish-ES), but leave code terms in English unless a widely adopted translation exists.
- If the user provides a title explicitly, reuse it (translated if needed) and skip generation logic.
- Make it clear when the user is requesting changes (use verbs like ""Fix"", ""Add"", etc) vs asking a question (use verbs like ""Find"", ""Locate"", ""Count"").
- Do NOT respond to the user, answer questions, or attempt to solve the problem; just write a title that can represent the user's query.

Examples:
- User: ""Can we add dark-mode support to the settings page?"" -> Add dark-mode support
- User: ""Fehlerbehebung: Beim Anmelden erscheint 500."" (de-DE) -> Login-Fehler 500 beheben
- User: ""Refactoriser le composant sidebar pour réduire le code dupliqué."" (fr-FR) -> Refactoriser composant sidebar
- User: ""How do I fix our login bug?"" -> Troubleshoot login bug
- User: ""Where in the codebase is foo_bar created"" -> Locate foo_bar
- User: ""what's 2+2"" -> Calculate 2+2

By following these conventions, your titles will be readable, changelog-friendly, and helpful to both users and downstream tools.

User prompt:
내 말 들리냐",2563,35,True,True,False,False,True,False
Kyumin_Kim,"# Context from my IDE setup:

## Active file: parser.c

## Open tabs:
- parser.c: parser.c
- 011-fixed-row-bplus-tree-pseudocode-structure.md: docs/011-fixed-row-bplus-tree-pseudocode-structure.md
- executor.c: executor.c
- main.c: main.c
- sijun-yang-prompt-log.jsonl: logs/sijun-yang-prompt-log.jsonl

## My request for Codex:
지금 여기서 btree index가 활용 된 부분을 나열해줄래
",2026-04-15T07:21:21.825193+00:00,2026-04-15T16:21:21.825193+09:00,2026-04-15,16,019d8ffa-2f65-75c1-bd72-e2fab9179772,019d9004-1c48-7161-8b7c-0db37cc62987,gpt-5.4,UserPromptSubmit,"[Kyumin_Kim] # Context from my IDE setup:

## Active file: parser.c

## Open tabs:
- parser.c: parser.c
- 011-fixed-row-bplus-tree-pseudocode-structure.md: docs/011-fixed-row-bplus-tree-pseudocode-structure.md
- executor.c: executor.c
- main.c: main.c
- sijun-yang-prompt-log.jsonl: logs/sijun-yang-prompt-log.jsonl

## My request for Codex:
지금 여기서 btree index가 활용 된 부분을 나열해줄래
",364,14,True,False,True,False,False,False
Kyumin_Kim,"# Context from my IDE setup:

## Active file: thirdparty/bplustree.c

## Open tabs:
- bplustree.c: thirdparty/bplustree.c
- bplustree.h: thirdparty/bplustree.h
- db_index.c: db_index.c
- main.c: main.c
- parser.c: parser.c

## My request for Codex:
bplustree.c에 있는 함수들에 주석좀 달아줄래
",2026-04-15T07:46:42.607198+00:00,2026-04-15T16:46:42.607198+09:00,2026-04-15,16,019d8ffa-2f65-75c1-bd72-e2fab9179772,019d901b-50ba-7fc1-b492-0e4bf900a088,gpt-5.4,UserPromptSubmit,"[Kyumin_Kim] # Context from my IDE setup:

## Active file: thirdparty/bplustree.c

## Open tabs:
- bplustree.c: thirdparty/bplustree.c
- bplustree.h: thirdparty/bplustree.h
- db_index.c: db_index.c
- main.c: main.c
- parser.c: parser.c

## My request for Codex:
bplustree.c에 있는 함수들에 주석좀 달아줄래
",279,14,True,False,True,False,False,False
Kyumin_Kim,"# Context from my IDE setup:

## Active file: thirdparty/bplustree.c

## Open tabs:
- bplustree.c: thirdparty/bplustree.c
- bplustree.h: thirdparty/bplustree.h
- db_index.c: db_index.c
- main.c: main.c
- parser.c: parser.c

## My request for Codex:
한글로
",2026-04-15T07:47:45.708944+00:00,2026-04-15T16:47:45.708944+09:00,2026-04-15,16,019d8ffa-2f65-75c1-bd72-e2fab9179772,019d901b-50ba-7fc1-b492-0e4bf900a088,gpt-5.4,UserPromptSubmit,"[Kyumin_Kim] # Context from my IDE setup:

## Active file: thirdparty/bplustree.c

## Open tabs:
- bplustree.c: thirdparty/bplustree.c
- bplustree.h: thirdparty/bplustree.h
- db_index.c: db_index.c
- main.c: main.c
- parser.c: parser.c

## My request for Codex:
한글로
",253,14,True,False,True,False,False,False
Kyumin_Kim,"# Context from my IDE setup:

## Active file: thirdparty/bplustree.c

## Open tabs:
- bplustree.c: thirdparty/bplustree.c
- bplustree.h: thirdparty/bplustree.h
- db_index.c: db_index.c
- main.c: main.c
- parser.c: parser.c

## My request for Codex:
뭔 i <0일때 처리하는게 많아
",2026-04-15T08:11:36.817947+00:00,2026-04-15T17:11:36.817947+09:00,2026-04-15,17,019d8ffa-2f65-75c1-bd72-e2fab9179772,019d9032-1d58-7981-bfa3-c2cc8cbbda36,gpt-5.4,UserPromptSubmit,"[Kyumin_Kim] # Context from my IDE setup:

## Active file: thirdparty/bplustree.c

## Open tabs:
- bplustree.c: thirdparty/bplustree.c
- bplustree.h: thirdparty/bplustree.h
- db_index.c: db_index.c
- main.c: main.c
- parser.c: parser.c

## My request for Codex:
뭔 i <0일때 처리하는게 많아
",267,14,True,False,True,False,False,False
Kyumin_Kim,"# Context from my IDE setup:

## Active file: thirdparty/bplustree.c

## Open tabs:
- bplustree.c: thirdparty/bplustree.c
- db_index.c: db_index.c
- bplustree.h: thirdparty/bplustree.h
- main.c: main.c
- parser.c: parser.c

## My request for Codex:
boot 메타 데이터가 뭐여
",2026-04-15T08:26:17.871381+00:00,2026-04-15T17:26:17.871381+09:00,2026-04-15,17,019d8ffa-2f65-75c1-bd72-e2fab9179772,019d903f-8f1b-7102-a7f0-f78581b8f919,gpt-5.4,UserPromptSubmit,"[Kyumin_Kim] # Context from my IDE setup:

## Active file: thirdparty/bplustree.c

## Open tabs:
- bplustree.c: thirdparty/bplustree.c
- db_index.c: db_index.c
- bplustree.h: thirdparty/bplustree.h
- main.c: main.c
- parser.c: parser.c

## My request for Codex:
boot 메타 데이터가 뭐여
",265,14,True,False,True,False,False,False
Kyumin_Kim,"# Context from my IDE setup:

## Active file: data/users.csv

## Open tabs:
- users.csv: data/users.csv
- posts.csv: data/posts.csv
- bplustree.c: thirdparty/bplustree.c
- db_index.c: db_index.c
- bplustree.h: thirdparty/bplustree.h

## My request for Codex:
data/users.idx같은거 없는데 뭔소리야!!
",2026-04-15T08:27:55.743721+00:00,2026-04-15T17:27:55.743721+09:00,2026-04-15,17,019d8ffa-2f65-75c1-bd72-e2fab9179772,019d9041-0d8e-7e82-95c4-bebab47665a8,gpt-5.4,UserPromptSubmit,"[Kyumin_Kim] # Context from my IDE setup:

## Active file: data/users.csv

## Open tabs:
- users.csv: data/users.csv
- posts.csv: data/posts.csv
- bplustree.c: thirdparty/bplustree.c
- db_index.c: db_index.c
- bplustree.h: thirdparty/bplustree.h

## My request for Codex:
data/users.idx같은거 없는데 뭔소리야!!
",288,14,True,False,True,False,False,False
Kyumin_Kim,"# Context from my IDE setup:

## Active file: data/users.csv

## Open tabs:
- users.csv: data/users.csv
- posts.csv: data/posts.csv
- bplustree.c: thirdparty/bplustree.c
- db_index.c: db_index.c
- bplustree.h: thirdparty/bplustree.h

## My request for Codex:
굳이 idx.boot라는걸로 생성되는거야? bplustree.c 때문에 생기는거야?
",2026-04-15T08:29:28.535396+00:00,2026-04-15T17:29:28.535396+09:00,2026-04-15,17,019d8ffa-2f65-75c1-bd72-e2fab9179772,019d9042-77ff-7861-ab2c-9621bb5543fa,gpt-5.4,UserPromptSubmit,"[Kyumin_Kim] # Context from my IDE setup:

## Active file: data/users.csv

## Open tabs:
- users.csv: data/users.csv
- posts.csv: data/posts.csv
- bplustree.c: thirdparty/bplustree.c
- db_index.c: db_index.c
- bplustree.h: thirdparty/bplustree.h

## My request for Codex:
굳이 idx.boot라는걸로 생성되는거야? bplustree.c 때문에 생기는거야?
",306,14,True,True,True,False,False,False
Kyumin_Kim,"# Context from my IDE setup:

## Active file: db_index.c

## Open tabs:
- db_index.c: db_index.c
- mini_db.h: mini_db.h
- executor.c: executor.c
- CMakeLists.txt: CMakeLists.txt
- bplustree.c: thirdparty/bplustree.c

## My request for Codex:
야 내가 알아먹기 쉽게 이 코드에 대해서 설명해봐라
",2026-04-15T10:02:14.878936+00:00,2026-04-15T19:02:14.878936+09:00,2026-04-15,19,019d8ffa-2f65-75c1-bd72-e2fab9179772,019d9097-6748-7f11-8853-ab35d295fcdf,gpt-5.4,UserPromptSubmit,"[Kyumin_Kim] # Context from my IDE setup:

## Active file: db_index.c

## Open tabs:
- db_index.c: db_index.c
- mini_db.h: mini_db.h
- executor.c: executor.c
- CMakeLists.txt: CMakeLists.txt
- bplustree.c: thirdparty/bplustree.c

## My request for Codex:
야 내가 알아먹기 쉽게 이 코드에 대해서 설명해봐라
",271,14,True,False,True,False,False,False
Kyumin_Kim,"# Context from my IDE setup:

## Active file: thirdparty/bplustree.c

## Open tabs:
- bplustree.c: thirdparty/bplustree.c
- users.csv: data/users.csv
- posts.csv: data/posts.csv
- CMakeLists.txt: CMakeLists.txt
- executor.c: executor.c

## My request for Codex:
이 코드를 이용해서 게시판 목록을 불러오는 데모를 만들거야. id, 제목 순으로 csv에 저장이 될거고, 구현할 기능은 show(x)라는 함수를 이용하여 id가 10(x-1) ~10x 까지 총 10개의 게시판 글 제목을 출력해. 그리고 post(value)라는 함수로 value(제목)를 csv에 데이터를 저장하고 자동으로 id를 순서대로 매겨. 이걸 구현하기 위해서 현재 구현된 기능 말고도 추가할 만한 기능이 있을까
",2026-04-15T10:19:16.692357+00:00,2026-04-15T19:19:16.692357+09:00,2026-04-15,19,019d8ffa-2f65-75c1-bd72-e2fab9179772,019d90a6-fd48-7be3-a300-bcf709d506db,gpt-5.4,UserPromptSubmit,"[Kyumin_Kim] # Context from my IDE setup:

## Active file: thirdparty/bplustree.c

## Open tabs:
- bplustree.c: thirdparty/bplustree.c
- users.csv: data/users.csv
- posts.csv: data/posts.csv
- CMakeLists.txt: CMakeLists.txt
- executor.c: executor.c

## My request for Codex:
이 코드를 이용해서 게시판 목록을 불러오는 데모를 만들거야. id, 제목 순으로 csv에 저장이 될거고, 구현할 기능은 show(x)라는 함수를 이용하여 id가 10(x-1) ~10x 까지 총 10개의 게시판 글 제목을 출력해. 그리고 post(value)라는 함수로 value(제목)를 csv에 데이터를 저장하고 자동으로 id를 순서대로 매겨. 이걸 구현하기 위해서 현재 구현된 기능 말고도 추가할 만한 기능이 있을까
",497,14,True,False,True,False,False,False
Kyumin_Kim,"# Context from my IDE setup:

## Active file: thirdparty/bplustree.c

## Open tabs:
- bplustree.c: thirdparty/bplustree.c
- users.csv: data/users.csv
- posts.csv: data/posts.csv
- CMakeLists.txt: CMakeLists.txt
- executor.c: executor.c

## My request for Codex:
우리 지금 구현되어있는게 B+트리인데 예를들어 1부터 10까지 긁어오는 그런 기능 없어?
",2026-04-15T10:30:27.379600+00:00,2026-04-15T19:30:27.379600+09:00,2026-04-15,19,019d8ffa-2f65-75c1-bd72-e2fab9179772,019d90b1-3939-7762-9b0d-b0227a57d500,gpt-5.4,UserPromptSubmit,"[Kyumin_Kim] # Context from my IDE setup:

## Active file: thirdparty/bplustree.c

## Open tabs:
- bplustree.c: thirdparty/bplustree.c
- users.csv: data/users.csv
- posts.csv: data/posts.csv
- CMakeLists.txt: CMakeLists.txt
- executor.c: executor.c

## My request for Codex:
우리 지금 구현되어있는게 B+트리인데 예를들어 1부터 10까지 긁어오는 그런 기능 없어?
",312,14,True,True,True,False,False,False
Kyumin_Kim,"# Context from my IDE setup:

## Active file: thirdparty/bplustree.c

## Open tabs:
- bplustree.c: thirdparty/bplustree.c
- users.csv: data/users.csv
- posts.csv: data/posts.csv
- CMakeLists.txt: CMakeLists.txt
- executor.c: executor.c

## My request for Codex:
db_index에서 특정 leaf에서 다른 특정 수만큼의 leaf를 긁어오는 걸 bplustree에 있는 off_t next를 이용하여 구현해줄래? 함수들은 최대한 변형하지 말고 한눈에 알아볼수 있게 코드를 단순화 해서 구현해줘. 그리고 주석 달아라
",2026-04-15T10:34:08.173753+00:00,2026-04-15T19:34:08.173753+09:00,2026-04-15,19,019d8ffa-2f65-75c1-bd72-e2fab9179772,019d90b4-994a-7ae1-bf04-1b81dfb545b2,gpt-5.4,UserPromptSubmit,"[Kyumin_Kim] # Context from my IDE setup:

## Active file: thirdparty/bplustree.c

## Open tabs:
- bplustree.c: thirdparty/bplustree.c
- users.csv: data/users.csv
- posts.csv: data/posts.csv
- CMakeLists.txt: CMakeLists.txt
- executor.c: executor.c

## My request for Codex:
db_index에서 특정 leaf에서 다른 특정 수만큼의 leaf를 긁어오는 걸 bplustree에 있는 off_t next를 이용하여 구현해줄래? 함수들은 최대한 변형하지 말고 한눈에 알아볼수 있게 코드를 단순화 해서 구현해줘. 그리고 주석 달아라
",402,14,True,True,True,False,False,False
Kyumin_Kim,"# Context from my IDE setup:

## Active file: thirdparty/bplustree.c

## Open tabs:
- bplustree.c: thirdparty/bplustree.c
- users.csv: data/users.csv
- posts.csv: data/posts.csv
- CMakeLists.txt: CMakeLists.txt
- executor.c: executor.c

## My request for Codex:
leaf N개를 가져오는게 구현이 되어있으면 leaf N개 가져오는걸로 해도 돼.
",2026-04-15T10:37:55.844053+00:00,2026-04-15T19:37:55.844053+09:00,2026-04-15,19,019d8ffa-2f65-75c1-bd72-e2fab9179772,019d90b8-1296-7de2-81ae-21e495bf7ea5,gpt-5.4,UserPromptSubmit,"[Kyumin_Kim] # Context from my IDE setup:

## Active file: thirdparty/bplustree.c

## Open tabs:
- bplustree.c: thirdparty/bplustree.c
- users.csv: data/users.csv
- posts.csv: data/posts.csv
- CMakeLists.txt: CMakeLists.txt
- executor.c: executor.c

## My request for Codex:
leaf N개를 가져오는게 구현이 되어있으면 leaf N개 가져오는걸로 해도 돼.
",308,14,True,False,True,False,False,False
Kyumin_Kim,"# Context from my IDE setup:

## Active file: thirdparty/bplustree.c

## Open tabs:
- bplustree.c: thirdparty/bplustree.c
- users.csv: data/users.csv
- posts.csv: data/posts.csv
- CMakeLists.txt: CMakeLists.txt
- executor.c: executor.c

## My request for Codex:
PLEASE IMPLEMENT THIS PLAN:
**B+Tree Leaf 링크 기반 게시글 스캔 추가 계획**

**Summary**
- `off_t next`로 연결된 B+Tree leaf들을 따라가며 게시글 위치를 가져오는 scan API를 추가한다.
- 기존 `bplus_tree_get()`, `bplus_tree_put()`, `bplus_tree_get_range()`는 변경하지 않는다.
- `show(x)` 데모에서는 leaf scan을 사용하되, 출력 개수는 10개로 제한한다.

**Key Changes**
- `thirdparty/bplustree.c/.h`에 새 함수 추가:
  ```c
  int bplus_tree_scan_leafs_from(
      struct bplus_tree *tree,
      key_t start_key,
      int leaf_count,
      long *values,
      int max_values
  );
  ```
  - `start_key`가 들어갈 leaf까지 root에서 내려간다.
  - 해당 leaf에서 `start_key` 이상인 첫 entry 위치를 찾는다.
  - 현재 leaf의 entry를 `values`에 담고, 부족하면 `node->next`로 다음 leaf를 읽는다.
  - 최대 `leaf_count`개의 leaf만 방문한다.
  - `max_values`개를 채우면 즉시 종료한다.
  - 반환값은 담은 value 개수, 잘못된 인자는 `-1`.

- `db_index.c`와 `mini_db.h`에 wrapper 추가:
  ```c
  int db_index_scan_leafs_from(
      const char *table_name,
      int start_id,
      int leaf_count,
      RowLocation *locations,
      int max_locations
  );
  ```
  - 내부에서 `bplus_tree_scan_leafs_from()`을 호출한다.
  - B+Tree에 저장된 `offset + 1` 값을 실제 CSV offset으로 decode한다.
  - row size 정렬이 깨진 offset이 나오면 `-1`을 반환한다.

**Implementation Details**
- `bplustree.c` 구현은 기존 탐색 패턴을 재사용한다:
  ```text
  1. root에서 start_key가 들어갈 leaf까지 이동
  2. leaf 안에서 start_key 이상 첫 index 계산
  3. 현재 leaf의 data를 배열에 복사
  4. node->next로 다음 leaf 이동
  5. leaf_count 또는 max_values에 도달하면 종료
  ```
- 함수마다 한글 주석을 단다.
- 기존 함수는 최대한 건드리지 않고 새 함수만 추가한다.
- `show(x)` 구현 시 사용 예:
  ```c
  start_id = 10 * (x - 1) + 1;
  count = db_index_scan_leafs_from(""posts"", start_id, 1, locations, 10);
  ```
  - leaf 하나에 10개 이상이 있으면 leaf 하나만 읽고 10개 출력한다.
  - leaf 끝에 걸려 10개가 부족할 수 있으면 `leaf_count`를 2 이상으로 넘겨 다음 leaf까지 이어 읽는다.

**Test Plan**
- 컴파일 확인:
  ```sh
  cc -std=c11 -Wall -Wextra -pedantic main.c parser.c executor.c db_index.c thirdparty/bplustree.c -o /tmp/jungle_mini_db_leaf_scan_check
  ```
- 수동 검증 시나리오:
  - `start_id=1`, `leaf_count=1`, `max_locations=10`이면 첫 10개 위치를 반환한다.
  - `start_id=11`, `leaf_count=1`, `max_locations=10`이면 11번부터 최대 10개를 반환한다.
  - leaf 경계 근처에서 `leaf_count=2`를 주면 다음 leaf의 entry까지 이어서 반환한다.
  - `start_id`가 마지막 id보다 크면 `0`을 반환한다.
  - `leaf_count <= 0` 또는 `max_locations < 0`이면 `-1`을 반환한다.

**Assumptions**
- “특정 leaf”는 `start_id`가 들어갈 leaf로 정의한다.
- “특정 수만큼의 leaf”는 `leaf_count` 인자로 받는다.
- leaf 하나의 entry 개수는 고정 10개가 아니므로, 게시판 데모의 10개 출력은 `max_locations=10`으로 제한한다.
- 기존 SQL/REPL 기능 추가는 이 계획 밖이며, 여기서는 B+Tree/db_index scan API만 추가한다.
",2026-04-15T10:40:11.493678+00:00,2026-04-15T19:40:11.493678+09:00,2026-04-15,19,019d8ffa-2f65-75c1-bd72-e2fab9179772,019d90ba-2488-7691-878d-6d058e1c8501,gpt-5.4,UserPromptSubmit,"[Kyumin_Kim] # Context from my IDE setup:

## Active file: thirdparty/bplustree.c

## Open tabs:
- bplustree.c: thirdparty/bplustree.c
- users.csv: data/users.csv
- posts.csv: data/posts.csv
- CMakeLists.txt: CMakeLists.txt
- executor.c: executor.c

## My request for Codex:
PLEASE IMPLEMENT THIS PLAN:
**B+Tree Leaf 링크 기반 게시글 스캔 추가 계획**

**Summary**
- `off_t next`로 연결된 B+Tree leaf들을 따라가며 게시글 위치를 가져오는 scan API를 추가한다.
- 기존 `bplus_tree_get()`, `bplus_tree_put()`, `bplus_tree_get_range()`는 변경하지 않는다.
- `show(x)` 데모에서는 leaf scan을 사용하되, 출력 개수는 10개로 제한한다.

**Key Changes**
- `thirdparty/bplustree.c/.h`에 새 함수 추가:
  ```c
  int bplus_tree_scan_leafs_from(
      struct bplus_tree *tree,
      key_t start_key,
      int leaf_count,
      long *values,
      int max_values
  );
  ```
  - `start_key`가 들어갈 leaf까지 root에서 내려간다.
  - 해당 leaf에서 `start_key` 이상인 첫 entry 위치를 찾는다.
  - 현재 leaf의 entry를 `values`에 담고, 부족하면 `node->next`로 다음 leaf를 읽는다.
  - 최대 `leaf_count`개의 leaf만 방문한다.
  - `max_values`개를 채우면 즉시 종료한다.
  - 반환값은 담은 value 개수, 잘못된 인자는 `-1`.

- `db_index.c`와 `mini_db.h`에 wrapper 추가:
  ```c
  int db_index_scan_leafs_from(
      const char *table_name,
      int start_id,
      int leaf_count,
      RowLocation *locations,
      int max_locations
  );
  ```
  - 내부에서 `bplus_tree_scan_leafs_from()`을 호출한다.
  - B+Tree에 저장된 `offset + 1` 값을 실제 CSV offset으로 decode한다.
  - row size 정렬이 깨진 offset이 나오면 `-1`을 반환한다.

**Implementation Details**
- `bplustree.c` 구현은 기존 탐색 패턴을 재사용한다:
  ```text
  1. root에서 start_key가 들어갈 leaf까지 이동
  2. leaf 안에서 start_key 이상 첫 index 계산
  3. 현재 leaf의 data를 배열에 복사
  4. node->next로 다음 leaf 이동
  5. leaf_count 또는 max_values에 도달하면 종료
  ```
- 함수마다 한글 주석을 단다.
- 기존 함수는 최대한 건드리지 않고 새 함수만 추가한다.
- `show(x)` 구현 시 사용 예:
  ```c
  start_id = 10 * (x - 1) + 1;
  count = db_index_scan_leafs_from(""posts"", start_id, 1, locations, 10);
  ```
  - leaf 하나에 10개 이상이 있으면 leaf 하나만 읽고 10개 출력한다.
  - leaf 끝에 걸려 10개가 부족할 수 있으면 `leaf_count`를 2 이상으로 넘겨 다음 leaf까지 이어 읽는다.

**Test Plan**
- 컴파일 확인:
  ```sh
  cc -std=c11 -Wall -Wextra -pedantic main.c parser.c executor.c db_index.c thirdparty/bplustree.c -o /tmp/jungle_mini_db_leaf_scan_check
  ```
- 수동 검증 시나리오:
  - `start_id=1`, `leaf_count=1`, `max_locations=10`이면 첫 10개 위치를 반환한다.
  - `start_id=11`, `leaf_count=1`, `max_locations=10`이면 11번부터 최대 10개를 반환한다.
  - leaf 경계 근처에서 `leaf_count=2`를 주면 다음 leaf의 entry까지 이어서 반환한다.
  - `start_id`가 마지막 id보다 크면 `0`을 반환한다.
  - `leaf_count <= 0` 또는 `max_locations < 0`이면 `-1`을 반환한다.

**Assumptions**
- “특정 leaf”는 `start_id`가 들어갈 leaf로 정의한다.
- “특정 수만큼의 leaf”는 `leaf_count` 인자로 받는다.
- leaf 하나의 entry 개수는 고정 10개가 아니므로, 게시판 데모의 10개 출력은 `max_locations=10`으로 제한한다.
- 기존 SQL/REPL 기능 추가는 이 계획 밖이며, 여기서는 B+Tree/db_index scan API만 추가한다.
",2693,89,True,False,True,True,False,False
Kyumin_Kim,"# Context from my IDE setup:

## Active file: thirdparty/bplustree.c

## Open tabs:
- bplustree.c: thirdparty/bplustree.c
- users.csv: data/users.csv
- posts.csv: data/posts.csv
- CMakeLists.txt: CMakeLists.txt
- executor.c: executor.c

## My request for Codex:
예시를 들어봐
",2026-04-15T10:52:48.110676+00:00,2026-04-15T19:52:48.110676+09:00,2026-04-15,19,019d8ffa-2f65-75c1-bd72-e2fab9179772,019d90c5-afa0-7db1-9c86-cb2735dfef48,gpt-5.4,UserPromptSubmit,"[Kyumin_Kim] # Context from my IDE setup:

## Active file: thirdparty/bplustree.c

## Open tabs:
- bplustree.c: thirdparty/bplustree.c
- users.csv: data/users.csv
- posts.csv: data/posts.csv
- CMakeLists.txt: CMakeLists.txt
- executor.c: executor.c

## My request for Codex:
예시를 들어봐
",270,14,True,False,True,False,False,False
Kyumin_Kim,"# Context from my IDE setup:

## Active file: data/posts.csv

## Open tabs:
- posts.csv: data/posts.csv
- bplustree.c: thirdparty/bplustree.c
- users.csv: data/users.csv
- CMakeLists.txt: CMakeLists.txt
- executor.c: executor.c

## My request for Codex:
그럼 main.c 에서 뭐라 입력해야돼
",2026-04-15T10:54:53.919309+00:00,2026-04-15T19:54:53.919309+09:00,2026-04-15,19,019d8ffa-2f65-75c1-bd72-e2fab9179772,019d90c7-9aed-7b83-8cfc-5037b1ece178,gpt-5.4,UserPromptSubmit,"[Kyumin_Kim] # Context from my IDE setup:

## Active file: data/posts.csv

## Open tabs:
- posts.csv: data/posts.csv
- bplustree.c: thirdparty/bplustree.c
- users.csv: data/users.csv
- CMakeLists.txt: CMakeLists.txt
- executor.c: executor.c

## My request for Codex:
그럼 main.c 에서 뭐라 입력해야돼
",276,14,True,False,True,False,False,False
Kyumin_Kim,"# Context from my IDE setup:

## Active file: data/posts.csv

## Open tabs:
- posts.csv: data/posts.csv
- bplustree.c: thirdparty/bplustree.c
- users.csv: data/users.csv
- CMakeLists.txt: CMakeLists.txt
- executor.c: executor.c

## My request for Codex:
where절로 x~y까지 긁어오는거 만들어줄래?
",2026-04-15T10:56:55.076325+00:00,2026-04-15T19:56:55.076325+09:00,2026-04-15,19,019d8ffa-2f65-75c1-bd72-e2fab9179772,019d90c9-7494-79f1-9b83-d534ab26a585,gpt-5.4,UserPromptSubmit,"[Kyumin_Kim] # Context from my IDE setup:

## Active file: data/posts.csv

## Open tabs:
- posts.csv: data/posts.csv
- bplustree.c: thirdparty/bplustree.c
- users.csv: data/users.csv
- CMakeLists.txt: CMakeLists.txt
- executor.c: executor.c

## My request for Codex:
where절로 x~y까지 긁어오는거 만들어줄래?
",281,14,True,True,True,False,False,False
Kyumin_Kim,"# Context from my IDE setup:

## Active file: mini_db.h

## Open tabs:
- posts.csv: data/posts.csv
- bplustree.c: thirdparty/bplustree.c
- users.csv: data/users.csv
- CMakeLists.txt: CMakeLists.txt
- executor.c: executor.c

## My request for Codex:
x~y는 지우고 between으로 대체하자.그리고 지금  select * from posts where id between 1 and 10; next로 링크드리스트 사용해서 불러오고 있는거 맞아?
",2026-04-15T11:00:49.537633+00:00,2026-04-15T20:00:49.537633+09:00,2026-04-15,20,019d8ffa-2f65-75c1-bd72-e2fab9179772,019d90cd-0883-7a42-bbac-026965421294,gpt-5.4,UserPromptSubmit,"[Kyumin_Kim] # Context from my IDE setup:

## Active file: mini_db.h

## Open tabs:
- posts.csv: data/posts.csv
- bplustree.c: thirdparty/bplustree.c
- users.csv: data/users.csv
- CMakeLists.txt: CMakeLists.txt
- executor.c: executor.c

## My request for Codex:
x~y는 지우고 between으로 대체하자.그리고 지금  select * from posts where id between 1 and 10; next로 링크드리스트 사용해서 불러오고 있는거 맞아?
",359,14,True,True,True,False,False,False
Kyumin_Kim,"# Context from my IDE setup:

## Active file: mini_db.h

## Open tabs:
- posts.csv: data/posts.csv
- bplustree.c: thirdparty/bplustree.c
- users.csv: data/users.csv
- CMakeLists.txt: CMakeLists.txt
- executor.c: executor.c

## My request for Codex:
그럼 예시로 posts.csv에 좀 채워줄래?
",2026-04-15T11:02:42.071952+00:00,2026-04-15T20:02:42.071952+09:00,2026-04-15,20,019d8ffa-2f65-75c1-bd72-e2fab9179772,019d90ce-c015-78d2-aff1-3d0f145f5e03,gpt-5.4,UserPromptSubmit,"[Kyumin_Kim] # Context from my IDE setup:

## Active file: mini_db.h

## Open tabs:
- posts.csv: data/posts.csv
- bplustree.c: thirdparty/bplustree.c
- users.csv: data/users.csv
- CMakeLists.txt: CMakeLists.txt
- executor.c: executor.c

## My request for Codex:
그럼 예시로 posts.csv에 좀 채워줄래?
",275,14,True,True,True,False,False,False
Kyumin_Kim,"# Context from my IDE setup:

## Active file: db_index.c

## Open tabs:
- db_index.c: db_index.c
- executor.c: executor.c
- posts.csv: data/posts.csv
- bplustree.c: thirdparty/bplustree.c
- users.csv: data/users.csv

## My request for Codex:
이거 minidb 실행 어케 하더라
",2026-04-15T11:04:48.632447+00:00,2026-04-15T20:04:48.632447+09:00,2026-04-15,20,019d8ffa-2f65-75c1-bd72-e2fab9179772,019d90d0-ae65-7361-8634-8bd32ce3eeb5,gpt-5.4,UserPromptSubmit,"[Kyumin_Kim] # Context from my IDE setup:

## Active file: db_index.c

## Open tabs:
- db_index.c: db_index.c
- executor.c: executor.c
- posts.csv: data/posts.csv
- bplustree.c: thirdparty/bplustree.c
- users.csv: data/users.csv

## My request for Codex:
이거 minidb 실행 어케 하더라
",262,14,True,False,True,False,False,False
Kyumin_Kim,"# Context from my IDE setup:

## Active file: thirdparty/bplustree.c

## Open tabs:
- bplustree.c: thirdparty/bplustree.c
- .gitignore: .gitignore
- db_index.c: db_index.c
- executor.c: executor.c
- posts.csv: data/posts.csv

## My request for Codex:
bplustree.c가 일반적인 b+트리와는 구현 방법에서 어떤 차이점이있고 어떤 특징을 보이는거 같아?
",2026-04-15T11:09:06.078144+00:00,2026-04-15T20:09:06.078144+09:00,2026-04-15,20,019d8ffa-2f65-75c1-bd72-e2fab9179772,019d90d4-9c1d-74b3-9196-49a161517480,gpt-5.4,UserPromptSubmit,"[Kyumin_Kim] # Context from my IDE setup:

## Active file: thirdparty/bplustree.c

## Open tabs:
- bplustree.c: thirdparty/bplustree.c
- .gitignore: .gitignore
- db_index.c: db_index.c
- executor.c: executor.c
- posts.csv: data/posts.csv

## My request for Codex:
bplustree.c가 일반적인 b+트리와는 구현 방법에서 어떤 차이점이있고 어떤 특징을 보이는거 같아?
",310,14,True,True,True,False,False,False
Kyumin_Kim,"# Context from my IDE setup:

## Active file: thirdparty/bplustree.c

## Open tabs:
- bplustree.c: thirdparty/bplustree.c
- .gitignore: .gitignore
- db_index.c: db_index.c
- executor.c: executor.c
- posts.csv: data/posts.csv

## My request for Codex:
지금 다른 파일들을 참고해서 bplustree.c를 기준으로 bplusEZtree.c라는걸 새로 만들어서 좀더 쉽고 교과서적이고 보고 바로 이해가 가는 수준의 간단한 bplus트리를 만들어줄수 있어? b+트리 원리는 아는데 코드가 도저히 읽을수가 없다.
",2026-04-15T11:12:08.703210+00:00,2026-04-15T20:12:08.703210+09:00,2026-04-15,20,019d8ffa-2f65-75c1-bd72-e2fab9179772,019d90d7-657e-7540-b342-dfd4f4357f3d,gpt-5.4,UserPromptSubmit,"[Kyumin_Kim] # Context from my IDE setup:

## Active file: thirdparty/bplustree.c

## Open tabs:
- bplustree.c: thirdparty/bplustree.c
- .gitignore: .gitignore
- db_index.c: db_index.c
- executor.c: executor.c
- posts.csv: data/posts.csv

## My request for Codex:
지금 다른 파일들을 참고해서 bplustree.c를 기준으로 bplusEZtree.c라는걸 새로 만들어서 좀더 쉽고 교과서적이고 보고 바로 이해가 가는 수준의 간단한 bplus트리를 만들어줄수 있어? b+트리 원리는 아는데 코드가 도저히 읽을수가 없다.
",393,14,True,True,True,False,False,False
Kyumin_Kim,"# Context from my IDE setup:

## Active file: thirdparty/bplusEZtree.c

## Open tabs:
- bplusEZtree.c: thirdparty/bplusEZtree.c
- bplustree.c: thirdparty/bplustree.c
- .gitignore: .gitignore
- db_index.c: db_index.c
- executor.c: executor.c

## My request for Codex:
좀더 단순화 해봐 그리고 함수에 ez좀 빼!!
",2026-04-15T11:18:43.745908+00:00,2026-04-15T20:18:43.745908+09:00,2026-04-15,20,019d8ffa-2f65-75c1-bd72-e2fab9179772,019d90dd-6c93-7602-8d07-e2aff68ca517,gpt-5.4,UserPromptSubmit,"[Kyumin_Kim] # Context from my IDE setup:

## Active file: thirdparty/bplusEZtree.c

## Open tabs:
- bplusEZtree.c: thirdparty/bplusEZtree.c
- bplustree.c: thirdparty/bplustree.c
- .gitignore: .gitignore
- db_index.c: db_index.c
- executor.c: executor.c

## My request for Codex:
좀더 단순화 해봐 그리고 함수에 ez좀 빼!!
",293,14,True,False,True,False,False,False
Kyumin_Kim,"# Context from my IDE setup:

## Active file: thirdparty/bplusEZtree.c

## Active selection of the file:
insert_recursiv
## Open tabs:
- bplusEZtree.c: thirdparty/bplusEZtree.c
- bplustree.c: thirdparty/bplustree.c
- .gitignore: .gitignore
- db_index.c: db_index.c
- executor.c: executor.c

## My request for Codex:
tree insert에 tree->root = new_root이거 뭐야 b+트리가 아니라 b-트리 아니야?
",2026-04-15T11:29:13.905149+00:00,2026-04-15T20:29:13.905149+09:00,2026-04-15,20,019d8ffa-2f65-75c1-bd72-e2fab9179772,019d90e7-096e-7833-b376-32ecbbc4cf50,gpt-5.4,UserPromptSubmit,"[Kyumin_Kim] # Context from my IDE setup:

## Active file: thirdparty/bplusEZtree.c

## Active selection of the file:
insert_recursiv
## Open tabs:
- bplusEZtree.c: thirdparty/bplusEZtree.c
- bplustree.c: thirdparty/bplustree.c
- .gitignore: .gitignore
- db_index.c: db_index.c
- executor.c: executor.c

## My request for Codex:
tree insert에 tree->root = new_root이거 뭐야 b+트리가 아니라 b-트리 아니야?
",376,16,True,True,True,False,False,False
Kyumin_Kim,"# Context from my IDE setup:

## Active file: thirdparty/bplusEZtree.c

## Active selection of the file:
out[count+
## Open tabs:
- bplusEZtree.c: thirdparty/bplusEZtree.c
- bplustree.c: thirdparty/bplustree.c
- .gitignore: .gitignore
- db_index.c: db_index.c
- executor.c: executor.c

## My request for Codex:
bplustree.c가 어떻게 작동하는지 아스키 코드로 그려서 md파일로 docs에 12번으로 올려줄래?
",2026-04-15T11:45:49.391834+00:00,2026-04-15T20:45:49.391834+09:00,2026-04-15,20,019d8ffa-2f65-75c1-bd72-e2fab9179772,019d90f6-39fe-7412-981b-7cc292e5554e,gpt-5.4,UserPromptSubmit,"[Kyumin_Kim] # Context from my IDE setup:

## Active file: thirdparty/bplusEZtree.c

## Active selection of the file:
out[count+
## Open tabs:
- bplusEZtree.c: thirdparty/bplusEZtree.c
- bplustree.c: thirdparty/bplustree.c
- .gitignore: .gitignore
- db_index.c: db_index.c
- executor.c: executor.c

## My request for Codex:
bplustree.c가 어떻게 작동하는지 아스키 코드로 그려서 md파일로 docs에 12번으로 올려줄래?
",370,16,True,True,True,False,False,False
